[18:44:00.089706765] (+?.?????????) student-jetson ros2:rcl_init: { cpu_id = 4 }," { procname = ""dummy_map_serve""", vtid = 8970, vpid = 8970 }, { context_handle = 0xAAAAE4AEC9D0," version = ""4.1.1"" }",,,,,,,,,,,,,,,,,,,,,,,
[18:44:00.129693711] (+0.039986946) student-jetson ros2:rmw_publisher_init: { cpu_id = 4 }," { procname = ""dummy_map_serve""", vtid = 8970, vpid = 8970 }, { rmw_publisher_handle = 0xAAAAE4C61610, gid = [ [0] = 1, [1] = 15, [2] = 62, [3] = 8, [4] = 10, [5] = 35, [6] = 159, [7] = 14, [8] = 0, [9] = 0, [10] = 0, [11] = 0, [12] = 0, [13] = 0, [14] = 1, [15] = 3, [16] = 0, [17] = 0, [18] = 0, [19] = 0, [20] = 0, [21] = 0, [22] = 0, [23] = 0 ] }
[18:44:00.131561627] (+0.001867916) student-jetson ros2:rmw_subscription_init: { cpu_id = 4 }," { procname = ""dummy_map_serve""", vtid = 8970, vpid = 8970 }, { rmw_subscription_handle = 0xAAAAE4CBF4D0, gid = [ [0] = 1, [1] = 15, [2] = 62, [3] = 8, [4] = 10, [5] = 35, [6] = 159, [7] = 14, [8] = 0, [9] = 0, [10] = 0, [11] = 0, [12] = 0, [13] = 0, [14] = 2, [15] = 4, [16] = 0, [17] = 0, [18] = 0, [19] = 0, [20] = 0, [21] = 0, [22] = 0, [23] = 0 ] }
[18:44:00.132372384] (+0.000810757) student-jetson ros2:rmw_publish: { cpu_id = 4 }," { procname = ""dummy_map_serve""", vtid = 8970, vpid = 8970 }, { message = 0xFFFFD9515E08 },,,,,,,,,,,,,,,,,,,,,,,,
[18:44:00.133127653] (+0.000755269) student-jetson ros2:rmw_take: { cpu_id = 3 }," { procname = ""dummy_map_serve""", vtid = 8994, vpid = 8970 }, { rmw_subscription_handle = 0xAAAAE4CBF4D0, message = 0xFFFFAD7F8718, source_timestamp = 0, taken = 0 },,,,,,,,,,,,,,,,,,,,,
[18:44:00.142948708] (+0.009821055) student-jetson ros2:rmw_publisher_init: { cpu_id = 4 }," { procname = ""dummy_map_serve""", vtid = 8970, vpid = 8970 }, { rmw_publisher_handle = 0xAAAAE4CDE230, gid = [ [0] = 1, [1] = 15, [2] = 62, [3] = 8, [4] = 10, [5] = 35, [6] = 159, [7] = 14, [8] = 0, [9] = 0, [10] = 0, [11] = 0, [12] = 0, [13] = 0, [14] = 3, [15] = 3, [16] = 0, [17] = 0, [18] = 0, [19] = 0, [20] = 0, [21] = 0, [22] = 0, [23] = 0 ] }
[18:44:00.143145029] (+0.000196321) student-jetson ros2:rmw_publish: { cpu_id = 4 }," { procname = ""dummy_map_serve""", vtid = 8970, vpid = 8970 }, { message = 0xFFFFD9511CB8 },,,,,,,,,,,,,,,,,,,,,,,,
[18:44:00.143310503] (+0.000165474) student-jetson ros2:rcl_publisher_init: { cpu_id = 4 }," { procname = ""dummy_map_serve""", vtid = 8970, vpid = 8970 }, { publisher_handle = 0xFFFFD9515230, node_handle = 0xAAAAE4B83CF0, rmw_publisher_handle = 0xAAAAE4CDE230," topic_name = ""/rosout""", queue_depth = 1000 },,,,,,,,,,,,,,,,,,,,
[18:44:00.143343047] (+0.000032544) student-jetson ros2:rcl_node_init: { cpu_id = 4 }," { procname = ""dummy_map_serve""", vtid = 8970, vpid = 8970 }, { node_handle = 0xAAAAE4B83CF0, rmw_handle = 0xAAAAE4CB3470," node_name = ""dummy_map_server"""," namespace = ""/"" }",,,,,,,,,,,,,,,,,,,,,
[18:44:00.143488168] (+0.000145121) student-jetson ros2:rmw_take: { cpu_id = 3 }," { procname = ""dummy_map_serve""", vtid = 8994, vpid = 8970 }, { rmw_subscription_handle = 0xAAAAE4CBF4D0, message = 0xFFFFAD7F8718, source_timestamp = 0, taken = 0 },,,,,,,,,,,,,,,,,,,,,
[18:44:00.151519068] (+0.008030900) student-jetson ros2:rmw_publish: { cpu_id = 4 }," { procname = ""dummy_map_serve""", vtid = 8970, vpid = 8970 }, { message = 0xFFFFD9516DE0 },,,,,,,,,,,,,,,,,,,,,,,,
[18:44:00.151683037] (+0.000163969) student-jetson ros2:rcl_service_init: { cpu_id = 4 }," { procname = ""dummy_map_serve""", vtid = 8970, vpid = 8970 }, { service_handle = 0xAAAAE4CDEC60, node_handle = 0xAAAAE4B83CF0, rmw_service_handle = 0xAAAAE4CDE210," service_name = ""/dummy_map_server/get_parameters"" }",,,,,,,,,,,,,,,,,,,,,
[18:44:00.151703805] (+0.000020768) student-jetson ros2:rclcpp_service_callback_added: { cpu_id = 4 }," { procname = ""dummy_map_serve""", vtid = 8970, vpid = 8970 }, { service_handle = 0xAAAAE4CDEC60, callback = 0xAAAAE4CDEDD8 },,,,,,,,,,,,,,,,,,,,,,,
[18:44:00.151760669] (+0.000056864) student-jetson ros2:rmw_take: { cpu_id = 3 }," { procname = ""dummy_map_serve""", vtid = 8994, vpid = 8970 }, { rmw_subscription_handle = 0xAAAAE4CBF4D0, message = 0xFFFFAD7F8718, source_timestamp = 0, taken = 0 },,,,,,,,,,,,,,,,,,,,,
[18:44:00.151872446] (+0.000111777) student-jetson ros2:rclcpp_callback_register: { cpu_id = 4 }," { procname = ""dummy_map_serve""", vtid = 8970, vpid = 8970 }, { callback = 0xAAAAE4CDEDD8," symbol = ""rclcpp::ParameterService::ParameterService(std::shared_ptr<rclcpp::node_interfaces::NodeBaseInterface>", std::shared_ptr<rclcpp::node_interfaces::NodeServicesInterface>, rclcpp::node_interfaces::NodeParametersInterface*, rmw_qos_profile_s const&)::{lambda(std::shared_ptr<rmw_request_id_s>, std::shared_ptr<rcl_interfaces::srv::GetParameters_Request_<std::allocator<void> > >," std::shared_ptr<rcl_interfaces::srv::GetParameters_Response_<std::allocator<void> > >)#1}"" }",,,,,,,,,,,,,,,,,,
[18:44:00.154562991] (+0.002690545) student-jetson ros2:rmw_publish: { cpu_id = 4 }," { procname = ""dummy_map_serve""", vtid = 8970, vpid = 8970 }, { message = 0xFFFFD9516DE0 },,,,,,,,,,,,,,,,,,,,,,,,
[18:44:00.154702512] (+0.000139521) student-jetson ros2:rcl_service_init: { cpu_id = 4 }," { procname = ""dummy_map_serve""", vtid = 8970, vpid = 8970 }, { service_handle = 0xAAAAE4D009E0, node_handle = 0xAAAAE4B83CF0, rmw_service_handle = 0xAAAAE4D21520," service_name = ""/dummy_map_server/get_parameter_types"" }",,,,,,,,,,,,,,,,,,,,,
[18:44:00.154715280] (+0.000012768) student-jetson ros2:rclcpp_service_callback_added: { cpu_id = 4 }," { procname = ""dummy_map_serve""", vtid = 8970, vpid = 8970 }, { service_handle = 0xAAAAE4D009E0, callback = 0xAAAAE4D00E48 },,,,,,,,,,,,,,,,,,,,,,,
[18:44:00.154826353] (+0.000111073) student-jetson ros2:rclcpp_callback_register: { cpu_id = 4 }," { procname = ""dummy_map_serve""", vtid = 8970, vpid = 8970 }, { callback = 0xAAAAE4D00E48," symbol = ""rclcpp::ParameterService::ParameterService(std::shared_ptr<rclcpp::node_interfaces::NodeBaseInterface>", std::shared_ptr<rclcpp::node_interfaces::NodeServicesInterface>, rclcpp::node_interfaces::NodeParametersInterface*, rmw_qos_profile_s const&)::{lambda(std::shared_ptr<rmw_request_id_s>, std::shared_ptr<rcl_interfaces::srv::GetParameterTypes_Request_<std::allocator<void> > >," std::shared_ptr<rcl_interfaces::srv::GetParameterTypes_Response_<std::allocator<void> > >)#2}"" }",,,,,,,,,,,,,,,,,,
[18:44:00.154849553] (+0.000023200) student-jetson ros2:rmw_take: { cpu_id = 3 }," { procname = ""dummy_map_serve""", vtid = 8994, vpid = 8970 }, { rmw_subscription_handle = 0xAAAAE4CBF4D0, message = 0xFFFFAD7F8718, source_timestamp = 0, taken = 0 },,,,,,,,,,,,,,,,,,,,,
[18:44:00.157209600] (+0.002360047) student-jetson ros2:rmw_publish: { cpu_id = 4 }," { procname = ""dummy_map_serve""", vtid = 8970, vpid = 8970 }, { message = 0xFFFFD9516DE0 },,,,,,,,,,,,,,,,,,,,,,,,
[18:44:00.157321953] (+0.000112353) student-jetson ros2:rcl_service_init: { cpu_id = 4 }," { procname = ""dummy_map_serve""", vtid = 8970, vpid = 8970 }, { service_handle = 0xAAAAE4CDE290, node_handle = 0xAAAAE4B83CF0, rmw_service_handle = 0xAAAAE4D42040," service_name = ""/dummy_map_server/set_parameters"" }",,,,,,,,,,,,,,,,,,,,,
[18:44:00.157333345] (+0.000011392) student-jetson ros2:rclcpp_service_callback_added: { cpu_id = 4 }," { procname = ""dummy_map_serve""", vtid = 8970, vpid = 8970 }, { service_handle = 0xAAAAE4CDE290, callback = 0xAAAAE4D21A48 },,,,,,,,,,,,,,,,,,,,,,,
[18:44:00.157419490] (+0.000086145) student-jetson ros2:rmw_take: { cpu_id = 3 }," { procname = ""dummy_map_serve""", vtid = 8994, vpid = 8970 }, { rmw_subscription_handle = 0xAAAAE4CBF4D0, message = 0xFFFFAD7F8718, source_timestamp = 0, taken = 0 },,,,,,,,,,,,,,,,,,,,,
[18:44:00.157434562] (+0.000015072) student-jetson ros2:rclcpp_callback_register: { cpu_id = 4 }," { procname = ""dummy_map_serve""", vtid = 8970, vpid = 8970 }, { callback = 0xAAAAE4D21A48," symbol = ""rclcpp::ParameterService::ParameterService(std::shared_ptr<rclcpp::node_interfaces::NodeBaseInterface>", std::shared_ptr<rclcpp::node_interfaces::NodeServicesInterface>, rclcpp::node_interfaces::NodeParametersInterface*, rmw_qos_profile_s const&)::{lambda(std::shared_ptr<rmw_request_id_s>, std::shared_ptr<rcl_interfaces::srv::SetParameters_Request_<std::allocator<void> > >," std::shared_ptr<rcl_interfaces::srv::SetParameters_Response_<std::allocator<void> > >)#3}"" }",,,,,,,,,,,,,,,,,,
[18:44:00.159900530] (+0.002465968) student-jetson ros2:rmw_publish: { cpu_id = 4 }," { procname = ""dummy_map_serve""", vtid = 8970, vpid = 8970 }, { message = 0xFFFFD9516DE0 },,,,,,,,,,,,,,,,,,,,,,,,
[18:44:00.160020242] (+0.000119712) student-jetson ros2:rcl_service_init: { cpu_id = 4 }," { procname = ""dummy_map_serve""", vtid = 8970, vpid = 8970 }, { service_handle = 0xAAAAE4D42170, node_handle = 0xAAAAE4B83CF0, rmw_service_handle = 0xAAAAE4D63590," service_name = ""/dummy_map_server/set_parameters_atomically"" }",,,,,,,,,,,,,,,,,,,,,
[18:44:00.160032210] (+0.000011968) student-jetson ros2:rclcpp_service_callback_added: { cpu_id = 4 }," { procname = ""dummy_map_serve""", vtid = 8970, vpid = 8970 }, { service_handle = 0xAAAAE4D42170, callback = 0xAAAAE4D42678 },,,,,,,,,,,,,,,,,,,,,,,
[18:44:00.160140339] (+0.000108129) student-jetson ros2:rclcpp_callback_register: { cpu_id = 4 }," { procname = ""dummy_map_serve""", vtid = 8970, vpid = 8970 }, { callback = 0xAAAAE4D42678," symbol = ""rclcpp::ParameterService::ParameterService(std::shared_ptr<rclcpp::node_interfaces::NodeBaseInterface>", std::shared_ptr<rclcpp::node_interfaces::NodeServicesInterface>, rclcpp::node_interfaces::NodeParametersInterface*, rmw_qos_profile_s const&)::{lambda(std::shared_ptr<rmw_request_id_s>, std::shared_ptr<rcl_interfaces::srv::SetParametersAtomically_Request_<std::allocator<void> > >," std::shared_ptr<rcl_interfaces::srv::SetParametersAtomically_Response_<std::allocator<void> > >)#4}"" }",,,,,,,,,,,,,,,,,,
[18:44:00.160149587] (+0.000009248) student-jetson ros2:rmw_take: { cpu_id = 3 }," { procname = ""dummy_map_serve""", vtid = 8994, vpid = 8970 }, { rmw_subscription_handle = 0xAAAAE4CBF4D0, message = 0xFFFFAD7F8718, source_timestamp = 0, taken = 0 },,,,,,,,,,,,,,,,,,,,,
[18:44:00.163178439] (+0.003028852) student-jetson ros2:rmw_publish: { cpu_id = 4 }," { procname = ""dummy_map_serve""", vtid = 8970, vpid = 8970 }, { message = 0xFFFFD9516DE0 },,,,,,,,,,,,,,,,,,,,,,,,
[18:44:00.163293191] (+0.000114752) student-jetson ros2:rcl_service_init: { cpu_id = 4 }," { procname = ""dummy_map_serve""", vtid = 8970, vpid = 8970 }, { service_handle = 0xAAAAE4D63650, node_handle = 0xAAAAE4B83CF0, rmw_service_handle = 0xAAAAE4D84080," service_name = ""/dummy_map_server/describe_parameters"" }",,,,,,,,,,,,,,,,,,,,,
[18:44:00.163305384] (+0.000012193) student-jetson ros2:rclcpp_service_callback_added: { cpu_id = 4 }," { procname = ""dummy_map_serve""", vtid = 8970, vpid = 8970 }, { service_handle = 0xAAAAE4D63650, callback = 0xAAAAE4D63CA8 },,,,,,,,,,,,,,,,,,,,,,,
[18:44:00.163373576] (+0.000068192) student-jetson ros2:rmw_take: { cpu_id = 3 }," { procname = ""dummy_map_serve""", vtid = 8994, vpid = 8970 }, { rmw_subscription_handle = 0xAAAAE4CBF4D0, message = 0xFFFFAD7F8718, source_timestamp = 0, taken = 0 },,,,,,,,,,,,,,,,,,,,,
[18:44:00.163438632] (+0.000065056) student-jetson ros2:rclcpp_callback_register: { cpu_id = 4 }," { procname = ""dummy_map_serve""", vtid = 8970, vpid = 8970 }, { callback = 0xAAAAE4D63CA8," symbol = ""rclcpp::ParameterService::ParameterService(std::shared_ptr<rclcpp::node_interfaces::NodeBaseInterface>", std::shared_ptr<rclcpp::node_interfaces::NodeServicesInterface>, rclcpp::node_interfaces::NodeParametersInterface*, rmw_qos_profile_s const&)::{lambda(std::shared_ptr<rmw_request_id_s>, std::shared_ptr<rcl_interfaces::srv::DescribeParameters_Request_<std::allocator<void> > >," std::shared_ptr<rcl_interfaces::srv::DescribeParameters_Response_<std::allocator<void> > >)#5}"" }",,,,,,,,,,,,,,,,,,
[18:44:00.165779064] (+0.002340432) student-jetson ros2:rmw_publish: { cpu_id = 4 }," { procname = ""dummy_map_serve""", vtid = 8970, vpid = 8970 }, { message = 0xFFFFD9516DE0 },,,,,,,,,,,,,,,,,,,,,,,,
[18:44:00.165887544] (+0.000108480) student-jetson ros2:rcl_service_init: { cpu_id = 4 }," { procname = ""dummy_map_serve""", vtid = 8970, vpid = 8970 }, { service_handle = 0xAAAAE4D84210, node_handle = 0xAAAAE4B83CF0, rmw_service_handle = 0xAAAAE4DA5210," service_name = ""/dummy_map_server/list_parameters"" }",,,,,,,,,,,,,,,,,,,,,
[18:44:00.165899128] (+0.000011584) student-jetson ros2:rclcpp_service_callback_added: { cpu_id = 4 }," { procname = ""dummy_map_serve""", vtid = 8970, vpid = 8970 }, { service_handle = 0xAAAAE4D84210, callback = 0xAAAAE4D84808 },,,,,,,,,,,,,,,,,,,,,,,
[18:44:00.165996089] (+0.000096961) student-jetson ros2:rclcpp_callback_register: { cpu_id = 4 }," { procname = ""dummy_map_serve""", vtid = 8970, vpid = 8970 }, { callback = 0xAAAAE4D84808," symbol = ""rclcpp::ParameterService::ParameterService(std::shared_ptr<rclcpp::node_interfaces::NodeBaseInterface>", std::shared_ptr<rclcpp::node_interfaces::NodeServicesInterface>, rclcpp::node_interfaces::NodeParametersInterface*, rmw_qos_profile_s const&)::{lambda(std::shared_ptr<rmw_request_id_s>, std::shared_ptr<rcl_interfaces::srv::ListParameters_Request_<std::allocator<void> > >," std::shared_ptr<rcl_interfaces::srv::ListParameters_Response_<std::allocator<void> > >)#6}"" }",,,,,,,,,,,,,,,,,,
[18:44:00.166011513] (+0.000015424) student-jetson ros2:rmw_take: { cpu_id = 3 }," { procname = ""dummy_map_serve""", vtid = 8994, vpid = 8970 }, { rmw_subscription_handle = 0xAAAAE4CBF4D0, message = 0xFFFFAD7F8718, source_timestamp = 0, taken = 0 },,,,,,,,,,,,,,,,,,,,,
[18:44:00.174105357] (+0.008093844) student-jetson ros2:rmw_publisher_init: { cpu_id = 4 }," { procname = ""dummy_map_serve""", vtid = 8970, vpid = 8970 }, { rmw_publisher_handle = 0xAAAAE4DCFD50, gid = [ [0] = 1, [1] = 15, [2] = 62, [3] = 8, [4] = 10, [5] = 35, [6] = 159, [7] = 14, [8] = 0, [9] = 0, [10] = 0, [11] = 0, [12] = 0, [13] = 0, [14] = 16, [15] = 3, [16] = 0, [17] = 0, [18] = 0, [19] = 0, [20] = 0, [21] = 0, [22] = 0, [23] = 0 ] }
[18:44:00.174177070] (+0.000071713) student-jetson ros2:rmw_publish: { cpu_id = 4 }," { procname = ""dummy_map_serve""", vtid = 8970, vpid = 8970 }, { message = 0xFFFFD9517918 },,,,,,,,,,,,,,,,,,,,,,,,
[18:44:00.174365935] (+0.000188865) student-jetson ros2:rcl_publisher_init: { cpu_id = 4 }," { procname = ""dummy_map_serve""", vtid = 8970, vpid = 8970 }, { publisher_handle = 0xAAAAE4DA5230, node_handle = 0xAAAAE4B83CF0, rmw_publisher_handle = 0xAAAAE4DCFD50," topic_name = ""/parameter_events""", queue_depth = 1000 },,,,,,,,,,,,,,,,,,,,
[18:44:00.174527088] (+0.000161153) student-jetson ros2:rmw_take: { cpu_id = 3 }," { procname = ""dummy_map_serve""", vtid = 8994, vpid = 8970 }, { rmw_subscription_handle = 0xAAAAE4CBF4D0, message = 0xFFFFAD7F8718, source_timestamp = 0, taken = 0 },,,,,,,,,,,,,,,,,,,,,
[18:44:00.176705342] (+0.002178254) student-jetson ros2:rclcpp_publish: { cpu_id = 4 }," { procname = ""dummy_map_serve""", vtid = 8970, vpid = 8970 }, { message = 0xFFFFD951B020 },,,,,,,,,,,,,,,,,,,,,,,,
[18:44:00.176728510] (+0.000023168) student-jetson ros2:rcl_publish: { cpu_id = 4 }," { procname = ""dummy_map_serve""", vtid = 8970, vpid = 8970 }, { publisher_handle = 0xAAAAE4DA5230, message = 0xFFFFD951B020 },,,,,,,,,,,,,,,,,,,,,,,
[18:44:00.176742110] (+0.000013600) student-jetson ros2:rmw_publish: { cpu_id = 4 }," { procname = ""dummy_map_serve""", vtid = 8970, vpid = 8970 }, { message = 0xFFFFD951B020 },,,,,,,,,,,,,,,,,,,,,,,,
[18:44:00.179770098] (+0.003027988) student-jetson ros2:rmw_subscription_init: { cpu_id = 4 }," { procname = ""dummy_map_serve""", vtid = 8970, vpid = 8970 }, { rmw_subscription_handle = 0xAAAAE4DE7890, gid = [ [0] = 1, [1] = 15, [2] = 62, [3] = 8, [4] = 10, [5] = 35, [6] = 159, [7] = 14, [8] = 0, [9] = 0, [10] = 0, [11] = 0, [12] = 0, [13] = 0, [14] = 17, [15] = 4, [16] = 0, [17] = 0, [18] = 0, [19] = 0, [20] = 0, [21] = 0, [22] = 0, [23] = 0 ] }
[18:44:00.179838002] (+0.000067904) student-jetson ros2:rmw_publish: { cpu_id = 4 }," { procname = ""dummy_map_serve""", vtid = 8970, vpid = 8970 }, { message = 0xFFFFD9516648 },,,,,,,,,,,,,,,,,,,,,,,,
[18:44:00.179962003] (+0.000124001) student-jetson ros2:rcl_subscription_init: { cpu_id = 4 }," { procname = ""dummy_map_serve""", vtid = 8970, vpid = 8970 }, { subscription_handle = 0xAAAAE4DD10F0, node_handle = 0xAAAAE4B83CF0, rmw_subscription_handle = 0xAAAAE4DE7890," topic_name = ""/parameter_events""", queue_depth = 1000 },,,,,,,,,,,,,,,,,,,,
[18:44:00.180061972] (+0.000099969) student-jetson ros2:rmw_take: { cpu_id = 3 }," { procname = ""dummy_map_serve""", vtid = 8994, vpid = 8970 }, { rmw_subscription_handle = 0xAAAAE4CBF4D0, message = 0xFFFFAD7F8718, source_timestamp = 0, taken = 0 },,,,,,,,,,,,,,,,,,,,,
[18:44:00.180472758] (+0.000410786) student-jetson ros2:rclcpp_subscription_init: { cpu_id = 4 }," { procname = ""dummy_map_serve""", vtid = 8970, vpid = 8970 }, { subscription_handle = 0xAAAAE4DD10F0, subscription = 0xAAAAE4DD0D60 },,,,,,,,,,,,,,,,,,,,,,,
[18:44:00.180484918] (+0.000012160) student-jetson ros2:rclcpp_subscription_callback_added: { cpu_id = 4 }," { procname = ""dummy_map_serve""", vtid = 8970, vpid = 8970 }, { subscription = 0xAAAAE4DD0D60, callback = 0xAAAAE4DD0ED0 },,,,,,,,,,,,,,,,,,,,,,,
[18:44:00.180666488] (+0.000181570) student-jetson ros2:rclcpp_callback_register: { cpu_id = 4 }," { procname = ""dummy_map_serve""", vtid = 8970, vpid = 8970 }, { callback = 0xAAAAE4DD0ED0," symbol = ""rclcpp::TimeSource::NodeState::attachNode(std::shared_ptr<rclcpp::node_interfaces::NodeBaseInterface>", std::shared_ptr<rclcpp::node_interfaces::NodeTopicsInterface>, std::shared_ptr<rclcpp::node_interfaces::NodeGraphInterface>, std::shared_ptr<rclcpp::node_interfaces::NodeServicesInterface>, std::shared_ptr<rclcpp::node_interfaces::NodeLoggingInterface>, std::shared_ptr<rclcpp::node_interfaces::NodeClockInterface>," std::shared_ptr<rclcpp::node_interfaces::NodeParametersInterface>)::{lambda(std::shared_ptr<rcl_interfaces::msg::ParameterEvent_<std::allocator<void> > const>)#1}"" }",,,,,,,,,,,,,,,,,
[18:44:00.181878623] (+0.001212135) student-jetson ros2:rclcpp_publish: { cpu_id = 4 }," { procname = ""dummy_map_serve""", vtid = 8970, vpid = 8970 }, { message = 0xFFFFD951B3B0 },,,,,,,,,,,,,,,,,,,,,,,,
[18:44:00.181890943] (+0.000012320) student-jetson ros2:rcl_publish: { cpu_id = 4 }," { procname = ""dummy_map_serve""", vtid = 8970, vpid = 8970 }, { publisher_handle = 0xAAAAE4DA5230, message = 0xFFFFD951B3B0 },,,,,,,,,,,,,,,,,,,,,,,
[18:44:00.181900960] (+0.000010017) student-jetson ros2:rmw_publish: { cpu_id = 4 }," { procname = ""dummy_map_serve""", vtid = 8970, vpid = 8970 }, { message = 0xFFFFD951B3B0 },,,,,,,,,,,,,,,,,,,,,,,,
[18:44:00.182671332] (+0.000770372) student-jetson ros2:rclcpp_publish: { cpu_id = 4 }," { procname = ""dummy_map_serve""", vtid = 8970, vpid = 8970 }, { message = 0xFFFFD951B3B0 },,,,,,,,,,,,,,,,,,,,,,,,
[18:44:00.182682725] (+0.000011393) student-jetson ros2:rcl_publish: { cpu_id = 4 }," { procname = ""dummy_map_serve""", vtid = 8970, vpid = 8970 }, { publisher_handle = 0xAAAAE4DA5230, message = 0xFFFFD951B3B0 },,,,,,,,,,,,,,,,,,,,,,,
[18:44:00.182692421] (+0.000009696) student-jetson ros2:rmw_publish: { cpu_id = 4 }," { procname = ""dummy_map_serve""", vtid = 8970, vpid = 8970 }, { message = 0xFFFFD951B3B0 },,,,,,,,,,,,,,,,,,,,,,,,
[18:44:00.183038759] (+0.000346338) student-jetson ros2:rclcpp_publish: { cpu_id = 4 }," { procname = ""dummy_map_serve""", vtid = 8970, vpid = 8970 }, { message = 0xFFFFD951B3B0 },,,,,,,,,,,,,,,,,,,,,,,,
[18:44:00.183049031] (+0.000010272) student-jetson ros2:rcl_publish: { cpu_id = 4 }," { procname = ""dummy_map_serve""", vtid = 8970, vpid = 8970 }, { publisher_handle = 0xAAAAE4DA5230, message = 0xFFFFD951B3B0 },,,,,,,,,,,,,,,,,,,,,,,
[18:44:00.183057959] (+0.000008928) student-jetson ros2:rmw_publish: { cpu_id = 4 }," { procname = ""dummy_map_serve""", vtid = 8970, vpid = 8970 }, { message = 0xFFFFD951B3B0 },,,,,,,,,,,,,,,,,,,,,,,,
[18:44:00.183340713] (+0.000282754) student-jetson ros2:rclcpp_publish: { cpu_id = 4 }," { procname = ""dummy_map_serve""", vtid = 8970, vpid = 8970 }, { message = 0xFFFFD951B3B0 },,,,,,,,,,,,,,,,,,,,,,,,
[18:44:00.183351017] (+0.000010304) student-jetson ros2:rcl_publish: { cpu_id = 4 }," { procname = ""dummy_map_serve""", vtid = 8970, vpid = 8970 }, { publisher_handle = 0xAAAAE4DA5230, message = 0xFFFFD951B3B0 },,,,,,,,,,,,,,,,,,,,,,,
[18:44:00.183360073] (+0.000009056) student-jetson ros2:rmw_publish: { cpu_id = 4 }," { procname = ""dummy_map_serve""", vtid = 8970, vpid = 8970 }, { message = 0xFFFFD951B3B0 },,,,,,,,,,,,,,,,,,,,,,,,
[18:44:00.190008148] (+0.006648075) student-jetson ros2:rcl_init: { cpu_id = 1 }," { procname = ""robot_state_pub""", vtid = 8972, vpid = 8972 }, { context_handle = 0xAAAB1BC13990," version = ""4.1.1"" }",,,,,,,,,,,,,,,,,,,,,,,
[18:44:00.200459479] (+0.010451331) student-jetson ros2:rmw_publisher_init: { cpu_id = 4 }," { procname = ""dummy_map_serve""", vtid = 8970, vpid = 8970 }, { rmw_publisher_handle = 0xAAAAE4DED070, gid = [ [0] = 1, [1] = 15, [2] = 62, [3] = 8, [4] = 10, [5] = 35, [6] = 159, [7] = 14, [8] = 0, [9] = 0, [10] = 0, [11] = 0, [12] = 0, [13] = 0, [14] = 18, [15] = 3, [16] = 0, [17] = 0, [18] = 0, [19] = 0, [20] = 0, [21] = 0, [22] = 0, [23] = 0 ] }
[18:44:00.200552664] (+0.000093185) student-jetson ros2:rmw_publish: { cpu_id = 4 }," { procname = ""dummy_map_serve""", vtid = 8970, vpid = 8970 }, { message = 0xFFFFD9518408 },,,,,,,,,,,,,,,,,,,,,,,,
[18:44:00.200819514] (+0.000266850) student-jetson ros2:rmw_take: { cpu_id = 3 }," { procname = ""dummy_map_serve""", vtid = 8994, vpid = 8970 }, { rmw_subscription_handle = 0xAAAAE4CBF4D0, message = 0xFFFFAD7F8718, source_timestamp = 0, taken = 0 },,,,,,,,,,,,,,,,,,,,,
[18:44:00.201407357] (+0.000587843) student-jetson ros2:rmw_take: { cpu_id = 4 }," { procname = ""python3""", vtid = 8238, vpid = 8212 }, { rmw_subscription_handle = 0x24E97E10, message = 0xFFFF8FF47868, source_timestamp = 0, taken = 1 },,,,,,,,,,,,,,,,,,,,,
[18:44:00.201534334] (+0.000126977) student-jetson ros2:rmw_take: { cpu_id = 4 }," { procname = ""python3""", vtid = 8238, vpid = 8212 }, { rmw_subscription_handle = 0x24E97E10, message = 0xFFFF8FF47868, source_timestamp = 0, taken = 0 },,,,,,,,,,,,,,,,,,,,,
[18:44:00.201648191] (+0.000113857) student-jetson ros2:rcl_publisher_init: { cpu_id = 4 }," { procname = ""dummy_map_serve""", vtid = 8970, vpid = 8970 }, { publisher_handle = 0xAAAAE4DE80F0, node_handle = 0xAAAAE4B83CF0, rmw_publisher_handle = 0xAAAAE4DED070," topic_name = ""/map""", queue_depth = 1 },,,,,,,,,,,,,,,,,,,,
[18:44:00.206408926] (+0.004760735) student-jetson ros2:rmw_subscription_init: { cpu_id = 4 }," { procname = ""dummy_map_serve""", vtid = 8970, vpid = 8970 }, { rmw_subscription_handle = 0xAAAAE4E31DD0, gid = [ [0] = 1, [1] = 15, [2] = 62, [3] = 8, [4] = 10, [5] = 35, [6] = 159, [7] = 14, [8] = 0, [9] = 0, [10] = 0, [11] = 0, [12] = 0, [13] = 0, [14] = 19, [15] = 4, [16] = 0, [17] = 0, [18] = 0, [19] = 0, [20] = 0, [21] = 0, [22] = 0, [23] = 0 ] }
[18:44:00.206482206] (+0.000073280) student-jetson ros2:rmw_publish: { cpu_id = 4 }," { procname = ""dummy_map_serve""", vtid = 8970, vpid = 8970 }, { message = 0xFFFFD9516EC8 },,,,,,,,,,,,,,,,,,,,,,,,
[18:44:00.206759808] (+0.000277602) student-jetson ros2:rmw_take: { cpu_id = 3 }," { procname = ""dummy_map_serve""", vtid = 8994, vpid = 8970 }, { rmw_subscription_handle = 0xAAAAE4CBF4D0, message = 0xFFFFAD7F8718, source_timestamp = 0, taken = 0 },,,,,,,,,,,,,,,,,,,,,
[18:44:00.207004161] (+0.000244353) student-jetson ros2:rmw_take: { cpu_id = 5 }," { procname = ""python3""", vtid = 8238, vpid = 8212 }, { rmw_subscription_handle = 0x24E97E10, message = 0xFFFF8FF47868, source_timestamp = 0, taken = 1 },,,,,,,,,,,,,,,,,,,,,
[18:44:00.207157922] (+0.000153761) student-jetson ros2:rmw_take: { cpu_id = 5 }," { procname = ""python3""", vtid = 8238, vpid = 8212 }, { rmw_subscription_handle = 0x24E97E10, message = 0xFFFF8FF47868, source_timestamp = 0, taken = 0 },,,,,,,,,,,,,,,,,,,,,
[18:44:00.207207107] (+0.000049185) student-jetson ros2:rcl_subscription_init: { cpu_id = 4 }," { procname = ""dummy_map_serve""", vtid = 8970, vpid = 8970 }, { subscription_handle = 0xAAAAE4DEE130, node_handle = 0xAAAAE4B83CF0, rmw_subscription_handle = 0xAAAAE4E31DD0," topic_name = ""/parameter_events""", queue_depth = 1000 },,,,,,,,,,,,,,,,,,,,
[18:44:00.207424388] (+0.000217281) student-jetson ros2:rclcpp_subscription_init: { cpu_id = 4 }," { procname = ""dummy_map_serve""", vtid = 8970, vpid = 8970 }, { subscription_handle = 0xAAAAE4DEE130, subscription = 0xAAAAE4DEDDA0 },,,,,,,,,,,,,,,,,,,,,,,
[18:44:00.207434628] (+0.000010240) student-jetson ros2:rclcpp_subscription_callback_added: { cpu_id = 4 }," { procname = ""dummy_map_serve""", vtid = 8970, vpid = 8970 }, { subscription = 0xAAAAE4DEDDA0, callback = 0xAAAAE4DEDF10 },,,,,,,,,,,,,,,,,,,,,,,
[18:44:00.207540389] (+0.000105761) student-jetson ros2:rclcpp_callback_register: { cpu_id = 4 }," { procname = ""dummy_map_serve""", vtid = 8970, vpid = 8970 }, { callback = 0xAAAAE4DEDF10," symbol = ""rclcpp::TimeSource::NodeState::attachNode(std::shared_ptr<rclcpp::node_interfaces::NodeBaseInterface>", std::shared_ptr<rclcpp::node_interfaces::NodeTopicsInterface>, std::shared_ptr<rclcpp::node_interfaces::NodeGraphInterface>, std::shared_ptr<rclcpp::node_interfaces::NodeServicesInterface>, std::shared_ptr<rclcpp::node_interfaces::NodeLoggingInterface>, std::shared_ptr<rclcpp::node_interfaces::NodeClockInterface>," std::shared_ptr<rclcpp::node_interfaces::NodeParametersInterface>)::{lambda(std::shared_ptr<rcl_interfaces::msg::ParameterEvent_<std::allocator<void> > const>)#1}"" }",,,,,,,,,,,,,,,,,
[18:44:00.207821031] (+0.000280642) student-jetson ros2:rclcpp_publish: { cpu_id = 4 }," { procname = ""dummy_map_serve""", vtid = 8970, vpid = 8970 }, { message = 0xFFFFD951C820 },,,,,,,,,,,,,,,,,,,,,,,,
[18:44:00.207833351] (+0.000012320) student-jetson ros2:rcl_publish: { cpu_id = 4 }," { procname = ""dummy_map_serve""", vtid = 8970, vpid = 8970 }, { publisher_handle = 0xAAAAE4DE80F0, message = 0xFFFFD951C820 },,,,,,,,,,,,,,,,,,,,,,,
[18:44:00.207869863] (+0.000036512) student-jetson ros2:rmw_publish: { cpu_id = 4 }," { procname = ""dummy_map_serve""", vtid = 8970, vpid = 8970 }, { message = 0xFFFFD951C820 },,,,,,,,,,,,,,,,,,,,,,,,
[18:44:00.209236464] (+0.001366601) student-jetson ros2:rclcpp_executor_wait_for_work: { cpu_id = 4 }," { procname = ""dummy_map_serve""", vtid = 8970, vpid = 8970 }, { timeout = 0 },,,,,,,,,,,,,,,,,,,,,,,,
[18:44:00.210371447] (+0.001134983) student-jetson ros2:rclcpp_executor_get_next_ready: { cpu_id = 4 }," { procname = ""dummy_map_serve""", vtid = 8970, vpid = 8970 }, { },,,,,,,,,,,,,,,,,,,,,,,,
[18:44:00.210484248] (+0.000112801) student-jetson ros2:rclcpp_executor_execute: { cpu_id = 4 }," { procname = ""dummy_map_serve""", vtid = 8970, vpid = 8970 }, { handle = 0xAAAAE4DD10F0 },,,,,,,,,,,,,,,,,,,,,,,,
[18:44:00.210921563] (+0.000437315) student-jetson ros2:rmw_take: { cpu_id = 4 }," { procname = ""dummy_map_serve""", vtid = 8970, vpid = 8970 }, { rmw_subscription_handle = 0xAAAAE4DE7890, message = 0xAAAAE4E35930, source_timestamp = 1747932240181946016, taken = 1 },,,,,,,,,,,,,,,,,,,,,
[18:44:00.210940987] (+0.000019424) student-jetson ros2:rcl_take: { cpu_id = 4 }," { procname = ""dummy_map_serve""", vtid = 8970, vpid = 8970 }, { message = 0xAAAAE4E35930 },,,,,,,,,,,,,,,,,,,,,,,,
[18:44:00.210952443] (+0.000011456) student-jetson ros2:rclcpp_take: { cpu_id = 4 }," { procname = ""dummy_map_serve""", vtid = 8970, vpid = 8970 }, { message = 0xAAAAE4E35930 },,,,,,,,,,,,,,,,,,,,,,,,
[18:44:00.210983451] (+0.000031008) student-jetson ros2:callback_start: { cpu_id = 4 }," { procname = ""dummy_map_serve""", vtid = 8970, vpid = 8970 }, { callback = 0xAAAAE4DD0ED0, is_intra_process = 0 },,,,,,,,,,,,,,,,,,,,,,,
[18:44:00.211300797] (+0.000317346) student-jetson ros2:callback_end: { cpu_id = 4 }," { procname = ""dummy_map_serve""", vtid = 8970, vpid = 8970 }, { callback = 0xAAAAE4DD0ED0 },,,,,,,,,,,,,,,,,,,,,,,,
[18:44:00.211401470] (+0.000100673) student-jetson ros2:rclcpp_executor_get_next_ready: { cpu_id = 4 }," { procname = ""dummy_map_serve""", vtid = 8970, vpid = 8970 }, { },,,,,,,,,,,,,,,,,,,,,,,,
[18:44:00.267852394] (+0.056450924) student-jetson ros2:rcl_init: { cpu_id = 5 }," { procname = ""dummy_joint_sta""", vtid = 8974, vpid = 8974 }, { context_handle = 0xAAAAE965C9D0," version = ""4.1.1"" }",,,,,,,,,,,,,,,,,,,,,,,
[18:44:00.271704867] (+0.003852473) student-jetson ros2:rmw_publisher_init: { cpu_id = 4 }," { procname = ""robot_state_pub""", vtid = 8972, vpid = 8972 }, { rmw_publisher_handle = 0xAAAB1BDEFF80, gid = [ [0] = 1, [1] = 15, [2] = 62, [3] = 8, [4] = 12, [5] = 35, [6] = 117, [7] = 79, [8] = 0, [9] = 0, [10] = 0, [11] = 0, [12] = 0, [13] = 0, [14] = 1, [15] = 3, [16] = 0, [17] = 0, [18] = 0, [19] = 0, [20] = 0, [21] = 0, [22] = 0, [23] = 0 ] }
[18:44:00.272731721] (+0.001026854) student-jetson ros2:rmw_take: { cpu_id = 3 }," { procname = ""dummy_map_serve""", vtid = 8994, vpid = 8970 }, { rmw_subscription_handle = 0xAAAAE4CBF4D0, message = 0xFFFFAD7F8718, source_timestamp = 0, taken = 1 },,,,,,,,,,,,,,,,,,,,,
[18:44:00.272818602] (+0.000086881) student-jetson ros2:rmw_take: { cpu_id = 3 }," { procname = ""dummy_map_serve""", vtid = 8994, vpid = 8970 }, { rmw_subscription_handle = 0xAAAAE4CBF4D0, message = 0xFFFFAD7F8718, source_timestamp = 0, taken = 0 },,,,,,,,,,,,,,,,,,,,,
[18:44:00.278146220] (+0.005327618) student-jetson ros2:rmw_subscription_init: { cpu_id = 4 }," { procname = ""robot_state_pub""", vtid = 8972, vpid = 8972 }, { rmw_subscription_handle = 0xAAAB1BE07370, gid = [ [0] = 1, [1] = 15, [2] = 62, [3] = 8, [4] = 12, [5] = 35, [6] = 117, [7] = 79, [8] = 0, [9] = 0, [10] = 0, [11] = 0, [12] = 0, [13] = 0, [14] = 2, [15] = 4, [16] = 0, [17] = 0, [18] = 0, [19] = 0, [20] = 0, [21] = 0, [22] = 0, [23] = 0 ] }
[18:44:00.279259220] (+0.001113000) student-jetson ros2:rmw_publish: { cpu_id = 4 }," { procname = ""robot_state_pub""", vtid = 8972, vpid = 8972 }, { message = 0xFFFFDA73D3D8 },,,,,,,,,,,,,,,,,,,,,,,,
[18:44:00.279958520] (+0.000699300) student-jetson ros2:rmw_take: { cpu_id = 5 }," { procname = ""python3""", vtid = 8238, vpid = 8212 }, { rmw_subscription_handle = 0x24E97E10, message = 0xFFFF8FF47868, source_timestamp = 0, taken = 1 },,,,,,,,,,,,,,,,,,,,,
[18:44:00.279989208] (+0.000030688) student-jetson ros2:rmw_take: { cpu_id = 2 }," { procname = ""robot_state_pub""", vtid = 9004, vpid = 8972 }, { rmw_subscription_handle = 0xAAAB1BE07370, message = 0xFFFF7BFFD718, source_timestamp = 0, taken = 0 },,,,,,,,,,,,,,,,,,,,,
[18:44:00.280021240] (+0.000032032) student-jetson ros2:rmw_take: { cpu_id = 5 }," { procname = ""python3""", vtid = 8238, vpid = 8212 }, { rmw_subscription_handle = 0x24E97E10, message = 0xFFFF8FF47868, source_timestamp = 0, taken = 0 },,,,,,,,,,,,,,,,,,,,,
[18:44:00.280095321] (+0.000074081) student-jetson ros2:rmw_take: { cpu_id = 3 }," { procname = ""dummy_map_serve""", vtid = 8994, vpid = 8970 }, { rmw_subscription_handle = 0xAAAAE4CBF4D0, message = 0xFFFFAD7F8718, source_timestamp = 0, taken = 1 },,,,,,,,,,,,,,,,,,,,,
[18:44:00.280166233] (+0.000070912) student-jetson ros2:rmw_take: { cpu_id = 3 }," { procname = ""dummy_map_serve""", vtid = 8994, vpid = 8970 }, { rmw_subscription_handle = 0xAAAAE4CBF4D0, message = 0xFFFFAD7F8718, source_timestamp = 0, taken = 0 },,,,,,,,,,,,,,,,,,,,,
[18:44:00.289041587] (+0.008875354) student-jetson ros2:rmw_take: { cpu_id = 2 }," { procname = ""robot_state_pub""", vtid = 9004, vpid = 8972 }, { rmw_subscription_handle = 0xAAAB1BE07370, message = 0xFFFF7BFFD718, source_timestamp = 0, taken = 1 },,,,,,,,,,,,,,,,,,,,,
[18:44:00.289276148] (+0.000234561) student-jetson ros2:rmw_take: { cpu_id = 2 }," { procname = ""robot_state_pub""", vtid = 9004, vpid = 8972 }, { rmw_subscription_handle = 0xAAAB1BE07370, message = 0xFFFF7BFFD718, source_timestamp = 0, taken = 1 },,,,,,,,,,,,,,,,,,,,,
[18:44:00.289318004] (+0.000041856) student-jetson ros2:rmw_take: { cpu_id = 2 }," { procname = ""robot_state_pub""", vtid = 9004, vpid = 8972 }, { rmw_subscription_handle = 0xAAAB1BE07370, message = 0xFFFF7BFFD718, source_timestamp = 0, taken = 0 },,,,,,,,,,,,,,,,,,,,,
[18:44:00.292543401] (+0.003225397) student-jetson ros2:rmw_publisher_init: { cpu_id = 4 }," { procname = ""robot_state_pub""", vtid = 8972, vpid = 8972 }, { rmw_publisher_handle = 0xAAAB1BE26310, gid = [ [0] = 1, [1] = 15, [2] = 62, [3] = 8, [4] = 12, [5] = 35, [6] = 117, [7] = 79, [8] = 0, [9] = 0, [10] = 0, [11] = 0, [12] = 0, [13] = 0, [14] = 3, [15] = 3, [16] = 0, [17] = 0, [18] = 0, [19] = 0, [20] = 0, [21] = 0, [22] = 0, [23] = 0 ] }
[18:44:00.292741419] (+0.000198018) student-jetson ros2:rmw_publish: { cpu_id = 4 }," { procname = ""robot_state_pub""", vtid = 8972, vpid = 8972 }, { message = 0xFFFFDA739288 },,,,,,,,,,,,,,,,,,,,,,,,
[18:44:00.292942572] (+0.000201153) student-jetson ros2:rmw_take: { cpu_id = 2 }," { procname = ""robot_state_pub""", vtid = 9004, vpid = 8972 }, { rmw_subscription_handle = 0xAAAB1BE07370, message = 0xFFFF7BFFD718, source_timestamp = 0, taken = 0 },,,,,,,,,,,,,,,,,,,,,
[18:44:00.293292622] (+0.000350050) student-jetson ros2:rmw_take: { cpu_id = 5 }," { procname = ""python3""", vtid = 8238, vpid = 8212 }, { rmw_subscription_handle = 0x24E97E10, message = 0xFFFF8FF47868, source_timestamp = 0, taken = 1 },,,,,,,,,,,,,,,,,,,,,
[18:44:00.293350830] (+0.000058208) student-jetson ros2:rmw_take: { cpu_id = 5 }," { procname = ""python3""", vtid = 8238, vpid = 8212 }, { rmw_subscription_handle = 0x24E97E10, message = 0xFFFF8FF47868, source_timestamp = 0, taken = 0 },,,,,,,,,,,,,,,,,,,,,
[18:44:00.293464527] (+0.000113697) student-jetson ros2:rmw_take: { cpu_id = 3 }," { procname = ""dummy_map_serve""", vtid = 8994, vpid = 8970 }, { rmw_subscription_handle = 0xAAAAE4CBF4D0, message = 0xFFFFAD7F8718, source_timestamp = 0, taken = 1 },,,,,,,,,,,,,,,,,,,,,
[18:44:00.293569296] (+0.000104769) student-jetson ros2:rcl_publisher_init: { cpu_id = 4 }," { procname = ""robot_state_pub""", vtid = 8972, vpid = 8972 }, { publisher_handle = 0xFFFFDA73C800, node_handle = 0xAAAB1BCB05C0, rmw_publisher_handle = 0xAAAB1BE26310," topic_name = ""/rosout""", queue_depth = 1000 },,,,,,,,,,,,,,,,,,,,
[18:44:00.293606704] (+0.000037408) student-jetson ros2:rcl_node_init: { cpu_id = 4 }," { procname = ""robot_state_pub""", vtid = 8972, vpid = 8972 }, { node_handle = 0xAAAB1BCB05C0, rmw_handle = 0xAAAB1BE07710," node_name = ""robot_state_publisher"""," namespace = ""/"" }",,,,,,,,,,,,,,,,,,,,,
[18:44:00.293611472] (+0.000004768) student-jetson ros2:rmw_take: { cpu_id = 3 }," { procname = ""dummy_map_serve""", vtid = 8994, vpid = 8970 }, { rmw_subscription_handle = 0xAAAAE4CBF4D0, message = 0xFFFFAD7F8718, source_timestamp = 0, taken = 0 },,,,,,,,,,,,,,,,,,,,,
[18:44:00.308452208] (+0.014840736) student-jetson ros2:rmw_publish: { cpu_id = 4 }," { procname = ""robot_state_pub""", vtid = 8972, vpid = 8972 }, { message = 0xFFFFDA73E3B0 },,,,,,,,,,,,,,,,,,,,,,,,
[18:44:00.308728914] (+0.000276706) student-jetson ros2:rmw_take: { cpu_id = 2 }," { procname = ""robot_state_pub""", vtid = 9004, vpid = 8972 }, { rmw_subscription_handle = 0xAAAB1BE07370, message = 0xFFFF7BFFD718, source_timestamp = 0, taken = 0 },,,,,,,,,,,,,,,,,,,,,
[18:44:00.309006611] (+0.000277697) student-jetson ros2:rmw_take: { cpu_id = 5 }," { procname = ""python3""", vtid = 8238, vpid = 8212 }, { rmw_subscription_handle = 0x24E97E10, message = 0xFFFF8FF47868, source_timestamp = 0, taken = 1 },,,,,,,,,,,,,,,,,,,,,
[18:44:00.309104244] (+0.000097633) student-jetson ros2:rmw_take: { cpu_id = 5 }," { procname = ""python3""", vtid = 8238, vpid = 8212 }, { rmw_subscription_handle = 0x24E97E10, message = 0xFFFF8FF47868, source_timestamp = 0, taken = 0 },,,,,,,,,,,,,,,,,,,,,
[18:44:00.309180853] (+0.000076609) student-jetson ros2:rmw_take: { cpu_id = 3 }," { procname = ""dummy_map_serve""", vtid = 8994, vpid = 8970 }, { rmw_subscription_handle = 0xAAAAE4CBF4D0, message = 0xFFFFAD7F8718, source_timestamp = 0, taken = 1 },,,,,,,,,,,,,,,,,,,,,
[18:44:00.309294485] (+0.000113632) student-jetson ros2:rcl_service_init: { cpu_id = 4 }," { procname = ""robot_state_pub""", vtid = 8972, vpid = 8972 }, { service_handle = 0xAAAB1BE26CE0, node_handle = 0xAAAB1BCB05C0, rmw_service_handle = 0xAAAB1BE262F0," service_name = ""/robot_state_publisher/get_parameters"" }",,,,,,,,,,,,,,,,,,,,,
[18:44:00.309321941] (+0.000027456) student-jetson ros2:rclcpp_service_callback_added: { cpu_id = 4 }," { procname = ""robot_state_pub""", vtid = 8972, vpid = 8972 }, { service_handle = 0xAAAB1BE26CE0, callback = 0xAAAB1BE2D828 },,,,,,,,,,,,,,,,,,,,,,,
[18:44:00.309357398] (+0.000035457) student-jetson ros2:rmw_take: { cpu_id = 3 }," { procname = ""dummy_map_serve""", vtid = 8994, vpid = 8970 }, { rmw_subscription_handle = 0xAAAAE4CBF4D0, message = 0xFFFFAD7F8718, source_timestamp = 0, taken = 0 },,,,,,,,,,,,,,,,,,,,,
[18:44:00.309499511] (+0.000142113) student-jetson ros2:rclcpp_callback_register: { cpu_id = 4 }," { procname = ""robot_state_pub""", vtid = 8972, vpid = 8972 }, { callback = 0xAAAB1BE2D828," symbol = ""rclcpp::ParameterService::ParameterService(std::shared_ptr<rclcpp::node_interfaces::NodeBaseInterface>", std::shared_ptr<rclcpp::node_interfaces::NodeServicesInterface>, rclcpp::node_interfaces::NodeParametersInterface*, rmw_qos_profile_s const&)::{lambda(std::shared_ptr<rmw_request_id_s>, std::shared_ptr<rcl_interfaces::srv::GetParameters_Request_<std::allocator<void> > >," std::shared_ptr<rcl_interfaces::srv::GetParameters_Response_<std::allocator<void> > >)#1}"" }",,,,,,,,,,,,,,,,,,
[18:44:00.313975315] (+0.004475804) student-jetson ros2:rmw_publish: { cpu_id = 4 }," { procname = ""robot_state_pub""", vtid = 8972, vpid = 8972 }, { message = 0xFFFFDA73E3B0 },,,,,,,,,,,,,,,,,,,,,,,,
[18:44:00.314333366] (+0.000358051) student-jetson ros2:rmw_take: { cpu_id = 2 }," { procname = ""robot_state_pub""", vtid = 9004, vpid = 8972 }, { rmw_subscription_handle = 0xAAAB1BE07370, message = 0xFFFF7BFFD718, source_timestamp = 0, taken = 0 },,,,,,,,,,,,,,,,,,,,,
[18:44:00.314613144] (+0.000279778) student-jetson ros2:rmw_take: { cpu_id = 5 }," { procname = ""python3""", vtid = 8238, vpid = 8212 }, { rmw_subscription_handle = 0x24E97E10, message = 0xFFFF8FF47868, source_timestamp = 0, taken = 1 },,,,,,,,,,,,,,,,,,,,,
[18:44:00.314668152] (+0.000055008) student-jetson ros2:rmw_take: { cpu_id = 5 }," { procname = ""python3""", vtid = 8238, vpid = 8212 }, { rmw_subscription_handle = 0x24E97E10, message = 0xFFFF8FF47868, source_timestamp = 0, taken = 0 },,,,,,,,,,,,,,,,,,,,,
[18:44:00.314691832] (+0.000023680) student-jetson ros2:rmw_take: { cpu_id = 3 }," { procname = ""dummy_map_serve""", vtid = 8994, vpid = 8970 }, { rmw_subscription_handle = 0xAAAAE4CBF4D0, message = 0xFFFFAD7F8718, source_timestamp = 0, taken = 1 },,,,,,,,,,,,,,,,,,,,,
[18:44:00.314743768] (+0.000051936) student-jetson ros2:rmw_take: { cpu_id = 3 }," { procname = ""dummy_map_serve""", vtid = 8994, vpid = 8970 }, { rmw_subscription_handle = 0xAAAAE4CBF4D0, message = 0xFFFFAD7F8718, source_timestamp = 0, taken = 0 },,,,,,,,,,,,,,,,,,,,,
[18:44:00.314944730] (+0.000200962) student-jetson ros2:rcl_service_init: { cpu_id = 4 }," { procname = ""robot_state_pub""", vtid = 8972, vpid = 8972 }, { service_handle = 0xAAAB1BE48BF0, node_handle = 0xAAAB1BCB05C0, rmw_service_handle = 0xAAAB1BE696D0," service_name = ""/robot_state_publisher/get_parameter_types"" }",,,,,,,,,,,,,,,,,,,,,
[18:44:00.314962138] (+0.000017408) student-jetson ros2:rclcpp_service_callback_added: { cpu_id = 4 }," { procname = ""robot_state_pub""", vtid = 8972, vpid = 8972 }, { service_handle = 0xAAAB1BE48BF0, callback = 0xAAAB1BE49018 },,,,,,,,,,,,,,,,,,,,,,,
[18:44:00.315095931] (+0.000133793) student-jetson ros2:rclcpp_callback_register: { cpu_id = 4 }," { procname = ""robot_state_pub""", vtid = 8972, vpid = 8972 }, { callback = 0xAAAB1BE49018," symbol = ""rclcpp::ParameterService::ParameterService(std::shared_ptr<rclcpp::node_interfaces::NodeBaseInterface>", std::shared_ptr<rclcpp::node_interfaces::NodeServicesInterface>, rclcpp::node_interfaces::NodeParametersInterface*, rmw_qos_profile_s const&)::{lambda(std::shared_ptr<rmw_request_id_s>, std::shared_ptr<rcl_interfaces::srv::GetParameterTypes_Request_<std::allocator<void> > >," std::shared_ptr<rcl_interfaces::srv::GetParameterTypes_Response_<std::allocator<void> > >)#2}"" }",,,,,,,,,,,,,,,,,,
[18:44:00.315875808] (+0.000779877) student-jetson ros2:rcl_init: { cpu_id = 1 }," { procname = ""dummy_laser""", vtid = 8976, vpid = 8976 }, { context_handle = 0xAAAB04FD19D0," version = ""4.1.1"" }",,,,,,,,,,,,,,,,,,,,,,,
[18:44:00.320005338] (+0.004129530) student-jetson ros2:rmw_publish: { cpu_id = 4 }," { procname = ""robot_state_pub""", vtid = 8972, vpid = 8972 }, { message = 0xFFFFDA73E3B0 },,,,,,,,,,,,,,,,,,,,,,,,
[18:44:00.320275388] (+0.000270050) student-jetson ros2:rmw_take: { cpu_id = 2 }," { procname = ""robot_state_pub""", vtid = 9004, vpid = 8972 }, { rmw_subscription_handle = 0xAAAB1BE07370, message = 0xFFFF7BFFD718, source_timestamp = 0, taken = 0 },,,,,,,,,,,,,,,,,,,,,
[18:44:00.320524446] (+0.000249058) student-jetson ros2:rmw_take: { cpu_id = 4 }," { procname = ""python3""", vtid = 8238, vpid = 8212 }, { rmw_subscription_handle = 0x24E97E10, message = 0xFFFF8FF47868, source_timestamp = 0, taken = 1 },,,,,,,,,,,,,,,,,,,,,
[18:44:00.320597022] (+0.000072576) student-jetson ros2:rmw_take: { cpu_id = 4 }," { procname = ""python3""", vtid = 8238, vpid = 8212 }, { rmw_subscription_handle = 0x24E97E10, message = 0xFFFF8FF47868, source_timestamp = 0, taken = 0 },,,,,,,,,,,,,,,,,,,,,
[18:44:00.320910112] (+0.000313090) student-jetson ros2:rmw_take: { cpu_id = 3 }," { procname = ""dummy_map_serve""", vtid = 8994, vpid = 8970 }, { rmw_subscription_handle = 0xAAAAE4CBF4D0, message = 0xFFFFAD7F8718, source_timestamp = 0, taken = 1 },,,,,,,,,,,,,,,,,,,,,
[18:44:00.320966273] (+0.000056161) student-jetson ros2:rmw_take: { cpu_id = 3 }," { procname = ""dummy_map_serve""", vtid = 8994, vpid = 8970 }, { rmw_subscription_handle = 0xAAAAE4CBF4D0, message = 0xFFFFAD7F8718, source_timestamp = 0, taken = 0 },,,,,,,,,,,,,,,,,,,,,
[18:44:00.321031265] (+0.000064992) student-jetson ros2:rcl_service_init: { cpu_id = 4 }," { procname = ""robot_state_pub""", vtid = 8972, vpid = 8972 }, { service_handle = 0xAAAB1BE26370, node_handle = 0xAAAB1BCB05C0, rmw_service_handle = 0xAAAB1BE8A2B0," service_name = ""/robot_state_publisher/set_parameters"" }",,,,,,,,,,,,,,,,,,,,,
[18:44:00.321047649] (+0.000016384) student-jetson ros2:rclcpp_service_callback_added: { cpu_id = 4 }," { procname = ""robot_state_pub""", vtid = 8972, vpid = 8972 }, { service_handle = 0xAAAB1BE26370, callback = 0xAAAB1BE69BA8 },,,,,,,,,,,,,,,,,,,,,,,
[18:44:00.321203810] (+0.000156161) student-jetson ros2:rclcpp_callback_register: { cpu_id = 4 }," { procname = ""robot_state_pub""", vtid = 8972, vpid = 8972 }, { callback = 0xAAAB1BE69BA8," symbol = ""rclcpp::ParameterService::ParameterService(std::shared_ptr<rclcpp::node_interfaces::NodeBaseInterface>", std::shared_ptr<rclcpp::node_interfaces::NodeServicesInterface>, rclcpp::node_interfaces::NodeParametersInterface*, rmw_qos_profile_s const&)::{lambda(std::shared_ptr<rmw_request_id_s>, std::shared_ptr<rcl_interfaces::srv::SetParameters_Request_<std::allocator<void> > >," std::shared_ptr<rcl_interfaces::srv::SetParameters_Response_<std::allocator<void> > >)#3}"" }",,,,,,,,,,,,,,,,,,
[18:44:00.325620927] (+0.004417117) student-jetson ros2:rmw_publish: { cpu_id = 4 }," { procname = ""robot_state_pub""", vtid = 8972, vpid = 8972 }, { message = 0xFFFFDA73E3B0 },,,,,,,,,,,,,,,,,,,,,,,,
[18:44:00.325908000] (+0.000287073) student-jetson ros2:rmw_take: { cpu_id = 2 }," { procname = ""robot_state_pub""", vtid = 9004, vpid = 8972 }, { rmw_subscription_handle = 0xAAAB1BE07370, message = 0xFFFF7BFFD718, source_timestamp = 0, taken = 0 },,,,,,,,,,,,,,,,,,,,,
[18:44:00.326239683] (+0.000331683) student-jetson ros2:rmw_take: { cpu_id = 4 }," { procname = ""python3""", vtid = 8238, vpid = 8212 }, { rmw_subscription_handle = 0x24E97E10, message = 0xFFFF8FF47868, source_timestamp = 0, taken = 1 },,,,,,,,,,,,,,,,,,,,,
[18:44:00.326708806] (+0.000469123) student-jetson ros2:rmw_take: { cpu_id = 4 }," { procname = ""python3""", vtid = 8238, vpid = 8212 }, { rmw_subscription_handle = 0x24E97E10, message = 0xFFFF8FF47868, source_timestamp = 0, taken = 0 },,,,,,,,,,,,,,,,,,,,,
[18:44:00.327050920] (+0.000342114) student-jetson ros2:rmw_take: { cpu_id = 3 }," { procname = ""dummy_map_serve""", vtid = 8994, vpid = 8970 }, { rmw_subscription_handle = 0xAAAAE4CBF4D0, message = 0xFFFFAD7F8718, source_timestamp = 0, taken = 1 },,,,,,,,,,,,,,,,,,,,,
[18:44:00.327104648] (+0.000053728) student-jetson ros2:rmw_take: { cpu_id = 3 }," { procname = ""dummy_map_serve""", vtid = 8994, vpid = 8970 }, { rmw_subscription_handle = 0xAAAAE4CBF4D0, message = 0xFFFFAD7F8718, source_timestamp = 0, taken = 0 },,,,,,,,,,,,,,,,,,,,,
[18:44:00.327158153] (+0.000053505) student-jetson ros2:rcl_service_init: { cpu_id = 4 }," { procname = ""robot_state_pub""", vtid = 8972, vpid = 8972 }, { service_handle = 0xAAAB1BE8A3E0, node_handle = 0xAAAB1BCB05C0, rmw_service_handle = 0xAAAB1BEAB7F0," service_name = ""/robot_state_publisher/set_parameters_atomically"" }",,,,,,,,,,,,,,,,,,,,,
[18:44:00.327176201] (+0.000018048) student-jetson ros2:rclcpp_service_callback_added: { cpu_id = 4 }," { procname = ""robot_state_pub""", vtid = 8972, vpid = 8972 }, { service_handle = 0xAAAB1BE8A3E0, callback = 0xAAAB1BE8A948 },,,,,,,,,,,,,,,,,,,,,,,
[18:44:00.327344266] (+0.000168065) student-jetson ros2:rclcpp_callback_register: { cpu_id = 4 }," { procname = ""robot_state_pub""", vtid = 8972, vpid = 8972 }, { callback = 0xAAAB1BE8A948," symbol = ""rclcpp::ParameterService::ParameterService(std::shared_ptr<rclcpp::node_interfaces::NodeBaseInterface>", std::shared_ptr<rclcpp::node_interfaces::NodeServicesInterface>, rclcpp::node_interfaces::NodeParametersInterface*, rmw_qos_profile_s const&)::{lambda(std::shared_ptr<rmw_request_id_s>, std::shared_ptr<rcl_interfaces::srv::SetParametersAtomically_Request_<std::allocator<void> > >," std::shared_ptr<rcl_interfaces::srv::SetParametersAtomically_Response_<std::allocator<void> > >)#4}"" }",,,,,,,,,,,,,,,,,,
[18:44:00.331898247] (+0.004553981) student-jetson ros2:rmw_publish: { cpu_id = 4 }," { procname = ""robot_state_pub""", vtid = 8972, vpid = 8972 }, { message = 0xFFFFDA73E3B0 },,,,,,,,,,,,,,,,,,,,,,,,
[18:44:00.332809901] (+0.000911654) student-jetson ros2:rmw_take: { cpu_id = 2 }," { procname = ""robot_state_pub""", vtid = 9004, vpid = 8972 }, { rmw_subscription_handle = 0xAAAB1BE07370, message = 0xFFFF7BFFD718, source_timestamp = 0, taken = 0 },,,,,,,,,,,,,,,,,,,,,
[18:44:00.332905998] (+0.000096097) student-jetson ros2:rmw_take: { cpu_id = 4 }," { procname = ""python3""", vtid = 8238, vpid = 8212 }, { rmw_subscription_handle = 0x24E97E10, message = 0xFFFF8FF47868, source_timestamp = 0, taken = 1 },,,,,,,,,,,,,,,,,,,,,
[18:44:00.332979790] (+0.000073792) student-jetson ros2:rmw_take: { cpu_id = 4 }," { procname = ""python3""", vtid = 8238, vpid = 8212 }, { rmw_subscription_handle = 0x24E97E10, message = 0xFFFF8FF47868, source_timestamp = 0, taken = 0 },,,,,,,,,,,,,,,,,,,,,
[18:44:00.333406001] (+0.000426211) student-jetson ros2:rmw_take: { cpu_id = 2 }," { procname = ""dummy_map_serve""", vtid = 8994, vpid = 8970 }, { rmw_subscription_handle = 0xAAAAE4CBF4D0, message = 0xFFFFAD7F8718, source_timestamp = 0, taken = 1 },,,,,,,,,,,,,,,,,,,,,
[18:44:00.333490673] (+0.000084672) student-jetson ros2:rmw_take: { cpu_id = 2 }," { procname = ""dummy_map_serve""", vtid = 8994, vpid = 8970 }, { rmw_subscription_handle = 0xAAAAE4CBF4D0, message = 0xFFFFAD7F8718, source_timestamp = 0, taken = 0 },,,,,,,,,,,,,,,,,,,,,
[18:44:00.333501073] (+0.000010400) student-jetson ros2:rcl_service_init: { cpu_id = 4 }," { procname = ""robot_state_pub""", vtid = 8972, vpid = 8972 }, { service_handle = 0xAAAB1BEAB8B0, node_handle = 0xAAAB1BCB05C0, rmw_service_handle = 0xAAAB1BECC270," service_name = ""/robot_state_publisher/describe_parameters"" }",,,,,,,,,,,,,,,,,,,,,
[18:44:00.333519922] (+0.000018849) student-jetson ros2:rclcpp_service_callback_added: { cpu_id = 4 }," { procname = ""robot_state_pub""", vtid = 8972, vpid = 8972 }, { service_handle = 0xAAAB1BEAB8B0, callback = 0xAAAB1BEABDC8 },,,,,,,,,,,,,,,,,,,,,,,
[18:44:00.333677555] (+0.000157633) student-jetson ros2:rclcpp_callback_register: { cpu_id = 4 }," { procname = ""robot_state_pub""", vtid = 8972, vpid = 8972 }, { callback = 0xAAAB1BEABDC8," symbol = ""rclcpp::ParameterService::ParameterService(std::shared_ptr<rclcpp::node_interfaces::NodeBaseInterface>", std::shared_ptr<rclcpp::node_interfaces::NodeServicesInterface>, rclcpp::node_interfaces::NodeParametersInterface*, rmw_qos_profile_s const&)::{lambda(std::shared_ptr<rmw_request_id_s>, std::shared_ptr<rcl_interfaces::srv::DescribeParameters_Request_<std::allocator<void> > >," std::shared_ptr<rcl_interfaces::srv::DescribeParameters_Response_<std::allocator<void> > >)#5}"" }",,,,,,,,,,,,,,,,,,
[18:44:00.340002971] (+0.006325416) student-jetson ros2:rmw_publish: { cpu_id = 4 }," { procname = ""robot_state_pub""", vtid = 8972, vpid = 8972 }, { message = 0xFFFFDA73E3B0 },,,,,,,,,,,,,,,,,,,,,,,,
[18:44:00.340280381] (+0.000277410) student-jetson ros2:rmw_take: { cpu_id = 2 }," { procname = ""robot_state_pub""", vtid = 9004, vpid = 8972 }, { rmw_subscription_handle = 0xAAAB1BE07370, message = 0xFFFF7BFFD718, source_timestamp = 0, taken = 0 },,,,,,,,,,,,,,,,,,,,,
[18:44:00.340600479] (+0.000320098) student-jetson ros2:rmw_take: { cpu_id = 4 }," { procname = ""python3""", vtid = 8238, vpid = 8212 }, { rmw_subscription_handle = 0x24E97E10, message = 0xFFFF8FF47868, source_timestamp = 0, taken = 1 },,,,,,,,,,,,,,,,,,,,,
[18:44:00.340658336] (+0.000057857) student-jetson ros2:rmw_take: { cpu_id = 4 }," { procname = ""python3""", vtid = 8238, vpid = 8212 }, { rmw_subscription_handle = 0x24E97E10, message = 0xFFFF8FF47868, source_timestamp = 0, taken = 0 },,,,,,,,,,,,,,,,,,,,,
[18:44:00.341605318] (+0.000946982) student-jetson ros2:rmw_take: { cpu_id = 3 }," { procname = ""dummy_map_serve""", vtid = 8994, vpid = 8970 }, { rmw_subscription_handle = 0xAAAAE4CBF4D0, message = 0xFFFFAD7F8718, source_timestamp = 0, taken = 1 },,,,,,,,,,,,,,,,,,,,,
[18:44:00.341666182] (+0.000060864) student-jetson ros2:rmw_take: { cpu_id = 3 }," { procname = ""dummy_map_serve""", vtid = 8994, vpid = 8970 }, { rmw_subscription_handle = 0xAAAAE4CBF4D0, message = 0xFFFFAD7F8718, source_timestamp = 0, taken = 0 },,,,,,,,,,,,,,,,,,,,,
[18:44:00.342361771] (+0.000695589) student-jetson ros2:rcl_service_init: { cpu_id = 4 }," { procname = ""robot_state_pub""", vtid = 8972, vpid = 8972 }, { service_handle = 0xAAAB1BECC400, node_handle = 0xAAAB1BCB05C0, rmw_service_handle = 0xAAAB1BEED3D0," service_name = ""/robot_state_publisher/list_parameters"" }",,,,,,,,,,,,,,,,,,,,,
[18:44:00.342380011] (+0.000018240) student-jetson ros2:rclcpp_service_callback_added: { cpu_id = 4 }," { procname = ""robot_state_pub""", vtid = 8972, vpid = 8972 }, { service_handle = 0xAAAB1BECC400, callback = 0xAAAB1BECCA48 },,,,,,,,,,,,,,,,,,,,,,,
[18:44:00.342518732] (+0.000138721) student-jetson ros2:rclcpp_callback_register: { cpu_id = 4 }," { procname = ""robot_state_pub""", vtid = 8972, vpid = 8972 }, { callback = 0xAAAB1BECCA48," symbol = ""rclcpp::ParameterService::ParameterService(std::shared_ptr<rclcpp::node_interfaces::NodeBaseInterface>", std::shared_ptr<rclcpp::node_interfaces::NodeServicesInterface>, rclcpp::node_interfaces::NodeParametersInterface*, rmw_qos_profile_s const&)::{lambda(std::shared_ptr<rmw_request_id_s>, std::shared_ptr<rcl_interfaces::srv::ListParameters_Request_<std::allocator<void> > >," std::shared_ptr<rcl_interfaces::srv::ListParameters_Response_<std::allocator<void> > >)#6}"" }",,,,,,,,,,,,,,,,,,
[18:44:00.353731892] (+0.011213160) student-jetson ros2:rmw_publisher_init: { cpu_id = 4 }," { procname = ""robot_state_pub""", vtid = 8972, vpid = 8972 }, { rmw_publisher_handle = 0xAAAB1BF1C090, gid = [ [0] = 1, [1] = 15, [2] = 62, [3] = 8, [4] = 12, [5] = 35, [6] = 117, [7] = 79, [8] = 0, [9] = 0, [10] = 0, [11] = 0, [12] = 0, [13] = 0, [14] = 16, [15] = 3, [16] = 0, [17] = 0, [18] = 0, [19] = 0, [20] = 0, [21] = 0, [22] = 0, [23] = 0 ] }
[18:44:00.353855605] (+0.000123713) student-jetson ros2:rmw_publish: { cpu_id = 4 }," { procname = ""robot_state_pub""", vtid = 8972, vpid = 8972 }, { message = 0xFFFFDA73EEE8 },,,,,,,,,,,,,,,,,,,,,,,,
[18:44:00.354120854] (+0.000265249) student-jetson ros2:rmw_take: { cpu_id = 2 }," { procname = ""robot_state_pub""", vtid = 9004, vpid = 8972 }, { rmw_subscription_handle = 0xAAAB1BE07370, message = 0xFFFF7BFFD718, source_timestamp = 0, taken = 0 },,,,,,,,,,,,,,,,,,,,,
[18:44:00.354522329] (+0.000401475) student-jetson ros2:rmw_take: { cpu_id = 2 }," { procname = ""python3""", vtid = 8238, vpid = 8212 }, { rmw_subscription_handle = 0x24E97E10, message = 0xFFFF8FF47868, source_timestamp = 0, taken = 1 },,,,,,,,,,,,,,,,,,,,,
[18:44:00.354618682] (+0.000096353) student-jetson ros2:rmw_take: { cpu_id = 2 }," { procname = ""python3""", vtid = 8238, vpid = 8212 }, { rmw_subscription_handle = 0x24E97E10, message = 0xFFFF8FF47868, source_timestamp = 0, taken = 0 },,,,,,,,,,,,,,,,,,,,,
[18:44:00.354751707] (+0.000133025) student-jetson ros2:rmw_take: { cpu_id = 3 }," { procname = ""dummy_map_serve""", vtid = 8994, vpid = 8970 }, { rmw_subscription_handle = 0xAAAAE4CBF4D0, message = 0xFFFFAD7F8718, source_timestamp = 0, taken = 1 },,,,,,,,,,,,,,,,,,,,,
[18:44:00.354809083] (+0.000057376) student-jetson ros2:rmw_take: { cpu_id = 3 }," { procname = ""dummy_map_serve""", vtid = 8994, vpid = 8970 }, { rmw_subscription_handle = 0xAAAAE4CBF4D0, message = 0xFFFFAD7F8718, source_timestamp = 0, taken = 0 },,,,,,,,,,,,,,,,,,,,,
[18:44:00.354837499] (+0.000028416) student-jetson ros2:rcl_publisher_init: { cpu_id = 4 }," { procname = ""robot_state_pub""", vtid = 8972, vpid = 8972 }, { publisher_handle = 0xAAAB1BEED3F0, node_handle = 0xAAAB1BCB05C0, rmw_publisher_handle = 0xAAAB1BF1C090," topic_name = ""/parameter_events""", queue_depth = 1000 },,,,,,,,,,,,,,,,,,,,
[18:44:00.360073373] (+0.005235874) student-jetson ros2:rclcpp_publish: { cpu_id = 4 }," { procname = ""robot_state_pub""", vtid = 8972, vpid = 8972 }, { message = 0xFFFFDA7425F0 },,,,,,,,,,,,,,,,,,,,,,,,
[18:44:00.360098685] (+0.000025312) student-jetson ros2:rcl_publish: { cpu_id = 4 }," { procname = ""robot_state_pub""", vtid = 8972, vpid = 8972 }, { publisher_handle = 0xAAAB1BEED3F0, message = 0xFFFFDA7425F0 },,,,,,,,,,,,,,,,,,,,,,,
[18:44:00.360115197] (+0.000016512) student-jetson ros2:rmw_publish: { cpu_id = 4 }," { procname = ""robot_state_pub""", vtid = 8972, vpid = 8972 }, { message = 0xFFFFDA7425F0 },,,,,,,,,,,,,,,,,,,,,,,,
[18:44:00.362121482] (+0.002006285) student-jetson ros2:rmw_publisher_init: { cpu_id = 5 }," { procname = ""dummy_joint_sta""", vtid = 8974, vpid = 8974 }, { rmw_publisher_handle = 0xAAAAE9829C90, gid = [ [0] = 1, [1] = 15, [2] = 62, [3] = 8, [4] = 14, [5] = 35, [6] = 68, [7] = 26, [8] = 0, [9] = 0, [10] = 0, [11] = 0, [12] = 0, [13] = 0, [14] = 1, [15] = 3, [16] = 0, [17] = 0, [18] = 0, [19] = 0, [20] = 0, [21] = 0, [22] = 0, [23] = 0 ] }
[18:44:00.365278430] (+0.003156948) student-jetson ros2:rmw_subscription_init: { cpu_id = 5 }," { procname = ""dummy_joint_sta""", vtid = 8974, vpid = 8974 }, { rmw_subscription_handle = 0xAAAAE9841310, gid = [ [0] = 1, [1] = 15, [2] = 62, [3] = 8, [4] = 14, [5] = 35, [6] = 68, [7] = 26, [8] = 0, [9] = 0, [10] = 0, [11] = 0, [12] = 0, [13] = 0, [14] = 2, [15] = 4, [16] = 0, [17] = 0, [18] = 0, [19] = 0, [20] = 0, [21] = 0, [22] = 0, [23] = 0 ] }
[18:44:00.366150628] (+0.000872198) student-jetson ros2:rmw_publish: { cpu_id = 5 }," { procname = ""dummy_joint_sta""", vtid = 8974, vpid = 8974 }, { message = 0xFFFFF6EDEC38 },,,,,,,,,,,,,,,,,,,,,,,,
[18:44:00.367004714] (+0.000854086) student-jetson ros2:rmw_take: { cpu_id = 5 }," { procname = ""dummy_joint_sta""", vtid = 9020, vpid = 8974 }, { rmw_subscription_handle = 0xAAAAE9841310, message = 0xFFFF80FF7718, source_timestamp = 0, taken = 0 },,,,,,,,,,,,,,,,,,,,,
[18:44:00.367581741] (+0.000577027) student-jetson ros2:rmw_take: { cpu_id = 2 }," { procname = ""python3""", vtid = 8238, vpid = 8212 }, { rmw_subscription_handle = 0x24E97E10, message = 0xFFFF8FF47868, source_timestamp = 0, taken = 1 },,,,,,,,,,,,,,,,,,,,,
[18:44:00.367642094] (+0.000060353) student-jetson ros2:rmw_take: { cpu_id = 2 }," { procname = ""python3""", vtid = 8238, vpid = 8212 }, { rmw_subscription_handle = 0x24E97E10, message = 0xFFFF8FF47868, source_timestamp = 0, taken = 0 },,,,,,,,,,,,,,,,,,,,,
[18:44:00.367793711] (+0.000151617) student-jetson ros2:rmw_take: { cpu_id = 2 }," { procname = ""robot_state_pub""", vtid = 9004, vpid = 8972 }, { rmw_subscription_handle = 0xAAAB1BE07370, message = 0xFFFF7BFFD718, source_timestamp = 0, taken = 1 },,,,,,,,,,,,,,,,,,,,,
[18:44:00.367844495] (+0.000050784) student-jetson ros2:rmw_take: { cpu_id = 2 }," { procname = ""robot_state_pub""", vtid = 9004, vpid = 8972 }, { rmw_subscription_handle = 0xAAAB1BE07370, message = 0xFFFF7BFFD718, source_timestamp = 0, taken = 0 },,,,,,,,,,,,,,,,,,,,,
[18:44:00.369879036] (+0.002034541) student-jetson ros2:rmw_subscription_init: { cpu_id = 4 }," { procname = ""robot_state_pub""", vtid = 8972, vpid = 8972 }, { rmw_subscription_handle = 0xAAAB1BF39AB0, gid = [ [0] = 1, [1] = 15, [2] = 62, [3] = 8, [4] = 12, [5] = 35, [6] = 117, [7] = 79, [8] = 0, [9] = 0, [10] = 0, [11] = 0, [12] = 0, [13] = 0, [14] = 17, [15] = 4, [16] = 0, [17] = 0, [18] = 0, [19] = 0, [20] = 0, [21] = 0, [22] = 0, [23] = 0 ] }
[18:44:00.369985917] (+0.000106881) student-jetson ros2:rmw_publish: { cpu_id = 4 }," { procname = ""robot_state_pub""", vtid = 8972, vpid = 8972 }, { message = 0xFFFFDA73DC18 },,,,,,,,,,,,,,,,,,,,,,,,
[18:44:00.370397567] (+0.000411650) student-jetson ros2:rmw_take: { cpu_id = 2 }," { procname = ""robot_state_pub""", vtid = 9004, vpid = 8972 }, { rmw_subscription_handle = 0xAAAB1BE07370, message = 0xFFFF7BFFD718, source_timestamp = 0, taken = 0 },,,,,,,,,,,,,,,,,,,,,
[18:44:00.370403135] (+0.000005568) student-jetson ros2:rmw_publisher_init: { cpu_id = 1 }," { procname = ""dummy_laser""", vtid = 8976, vpid = 8976 }, { rmw_publisher_handle = 0xAAAB05146630, gid = [ [0] = 1, [1] = 15, [2] = 62, [3] = 8, [4] = 16, [5] = 35, [6] = 191, [7] = 9, [8] = 0, [9] = 0, [10] = 0, [11] = 0, [12] = 0, [13] = 0, [14] = 1, [15] = 3, [16] = 0, [17] = 0, [18] = 0, [19] = 0, [20] = 0, [21] = 0, [22] = 0, [23] = 0 ] }
[18:44:00.370624193] (+0.000221058) student-jetson ros2:rmw_take: { cpu_id = 3 }," { procname = ""python3""", vtid = 8238, vpid = 8212 }, { rmw_subscription_handle = 0x24E97E10, message = 0xFFFF8FF47868, source_timestamp = 0, taken = 1 },,,,,,,,,,,,,,,,,,,,,
[18:44:00.370719842] (+0.000095649) student-jetson ros2:rmw_take: { cpu_id = 3 }," { procname = ""python3""", vtid = 8238, vpid = 8212 }, { rmw_subscription_handle = 0x24E97E10, message = 0xFFFF8FF47868, source_timestamp = 0, taken = 0 },,,,,,,,,,,,,,,,,,,,,
[18:44:00.370872067] (+0.000152225) student-jetson ros2:rmw_take: { cpu_id = 2 }," { procname = ""dummy_map_serve""", vtid = 8994, vpid = 8970 }, { rmw_subscription_handle = 0xAAAAE4CBF4D0, message = 0xFFFFAD7F8718, source_timestamp = 0, taken = 1 },,,,,,,,,,,,,,,,,,,,,
[18:44:00.370917091] (+0.000045024) student-jetson ros2:rcl_subscription_init: { cpu_id = 4 }," { procname = ""robot_state_pub""", vtid = 8972, vpid = 8972 }, { subscription_handle = 0xAAAB1BF1D410, node_handle = 0xAAAB1BCB05C0, rmw_subscription_handle = 0xAAAB1BF39AB0," topic_name = ""/parameter_events""", queue_depth = 1000 },,,,,,,,,,,,,,,,,,,,
[18:44:00.371118052] (+0.000200961) student-jetson ros2:rmw_take: { cpu_id = 2 }," { procname = ""dummy_map_serve""", vtid = 8994, vpid = 8970 }, { rmw_subscription_handle = 0xAAAAE4CBF4D0, message = 0xFFFFAD7F8718, source_timestamp = 0, taken = 0 },,,,,,,,,,,,,,,,,,,,,
[18:44:00.371576679] (+0.000458627) student-jetson ros2:rclcpp_subscription_init: { cpu_id = 4 }," { procname = ""robot_state_pub""", vtid = 8972, vpid = 8972 }, { subscription_handle = 0xAAAB1BF1D410, subscription = 0xAAAB1BF1D080 },,,,,,,,,,,,,,,,,,,,,,,
[18:44:00.371591047] (+0.000014368) student-jetson ros2:rclcpp_subscription_callback_added: { cpu_id = 4 }," { procname = ""robot_state_pub""", vtid = 8972, vpid = 8972 }, { subscription = 0xAAAB1BF1D080, callback = 0xAAAB1BF1D1F0 },,,,,,,,,,,,,,,,,,,,,,,
[18:44:00.371755912] (+0.000164865) student-jetson ros2:rclcpp_callback_register: { cpu_id = 4 }," { procname = ""robot_state_pub""", vtid = 8972, vpid = 8972 }, { callback = 0xAAAB1BF1D1F0," symbol = ""rclcpp::TimeSource::NodeState::attachNode(std::shared_ptr<rclcpp::node_interfaces::NodeBaseInterface>", std::shared_ptr<rclcpp::node_interfaces::NodeTopicsInterface>, std::shared_ptr<rclcpp::node_interfaces::NodeGraphInterface>, std::shared_ptr<rclcpp::node_interfaces::NodeServicesInterface>, std::shared_ptr<rclcpp::node_interfaces::NodeLoggingInterface>, std::shared_ptr<rclcpp::node_interfaces::NodeClockInterface>," std::shared_ptr<rclcpp::node_interfaces::NodeParametersInterface>)::{lambda(std::shared_ptr<rcl_interfaces::msg::ParameterEvent_<std::allocator<void> > const>)#1}"" }",,,,,,,,,,,,,,,,,
[18:44:00.372228107] (+0.000472195) student-jetson ros2:rmw_subscription_init: { cpu_id = 1 }," { procname = ""dummy_laser""", vtid = 8976, vpid = 8976 }, { rmw_subscription_handle = 0xAAAB051A4500, gid = [ [0] = 1, [1] = 15, [2] = 62, [3] = 8, [4] = 16, [5] = 35, [6] = 191, [7] = 9, [8] = 0, [9] = 0, [10] = 0, [11] = 0, [12] = 0, [13] = 0, [14] = 2, [15] = 4, [16] = 0, [17] = 0, [18] = 0, [19] = 0, [20] = 0, [21] = 0, [22] = 0, [23] = 0 ] }
[18:44:00.373245106] (+0.001016999) student-jetson ros2:rclcpp_publish: { cpu_id = 4 }," { procname = ""robot_state_pub""", vtid = 8972, vpid = 8972 }, { message = 0xFFFFDA742980 },,,,,,,,,,,,,,,,,,,,,,,,
[18:44:00.373259762] (+0.000014656) student-jetson ros2:rcl_publish: { cpu_id = 4 }," { procname = ""robot_state_pub""", vtid = 8972, vpid = 8972 }, { publisher_handle = 0xAAAB1BEED3F0, message = 0xFFFFDA742980 },,,,,,,,,,,,,,,,,,,,,,,
[18:44:00.373276786] (+0.000017024) student-jetson ros2:rmw_publish: { cpu_id = 4 }," { procname = ""robot_state_pub""", vtid = 8972, vpid = 8972 }, { message = 0xFFFFDA742980 },,,,,,,,,,,,,,,,,,,,,,,,
[18:44:00.373375827] (+0.000099041) student-jetson ros2:rmw_publish: { cpu_id = 1 }," { procname = ""dummy_laser""", vtid = 8976, vpid = 8976 }, { message = 0xFFFFE01F31B8 },,,,,,,,,,,,,,,,,,,,,,,,
[18:44:00.373806037] (+0.000430210) student-jetson ros2:rclcpp_publish: { cpu_id = 4 }," { procname = ""robot_state_pub""", vtid = 8972, vpid = 8972 }, { message = 0xFFFFDA742980 },,,,,,,,,,,,,,,,,,,,,,,,
[18:44:00.373817814] (+0.000011777) student-jetson ros2:rcl_publish: { cpu_id = 4 }," { procname = ""robot_state_pub""", vtid = 8972, vpid = 8972 }, { publisher_handle = 0xAAAB1BEED3F0, message = 0xFFFFDA742980 },,,,,,,,,,,,,,,,,,,,,,,
[18:44:00.373827446] (+0.000009632) student-jetson ros2:rmw_publish: { cpu_id = 4 }," { procname = ""robot_state_pub""", vtid = 8972, vpid = 8972 }, { message = 0xFFFFDA742980 },,,,,,,,,,,,,,,,,,,,,,,,
[18:44:00.374374841] (+0.000547395) student-jetson ros2:rmw_take: { cpu_id = 0 }," { procname = ""dummy_laser""", vtid = 9021, vpid = 8976 }, { rmw_subscription_handle = 0xAAAB051A4500, message = 0xFFFF6FFFD718, source_timestamp = 0, taken = 0 },,,,,,,,,,,,,,,,,,,,,
[18:44:00.374414681] (+0.000039840) student-jetson ros2:rclcpp_publish: { cpu_id = 4 }," { procname = ""robot_state_pub""", vtid = 8972, vpid = 8972 }, { message = 0xFFFFDA742980 },,,,,,,,,,,,,,,,,,,,,,,,
[18:44:00.374428025] (+0.000013344) student-jetson ros2:rcl_publish: { cpu_id = 4 }," { procname = ""robot_state_pub""", vtid = 8972, vpid = 8972 }, { publisher_handle = 0xAAAB1BEED3F0, message = 0xFFFFDA742980 },,,,,,,,,,,,,,,,,,,,,,,
[18:44:00.374438202] (+0.000010177) student-jetson ros2:rmw_publish: { cpu_id = 4 }," { procname = ""robot_state_pub""", vtid = 8972, vpid = 8972 }, { message = 0xFFFFDA742980 },,,,,,,,,,,,,,,,,,,,,,,,
[18:44:00.374649403] (+0.000211201) student-jetson ros2:rmw_take: { cpu_id = 2 }," { procname = ""dummy_joint_sta""", vtid = 9020, vpid = 8974 }, { rmw_subscription_handle = 0xAAAAE9841310, message = 0xFFFF80FF7718, source_timestamp = 0, taken = 1 },,,,,,,,,,,,,,,,,,,,,
[18:44:00.374867708] (+0.000218305) student-jetson ros2:rclcpp_publish: { cpu_id = 4 }," { procname = ""robot_state_pub""", vtid = 8972, vpid = 8972 }, { message = 0xFFFFDA742980 },,,,,,,,,,,,,,,,,,,,,,,,
[18:44:00.374878524] (+0.000010816) student-jetson ros2:rcl_publish: { cpu_id = 4 }," { procname = ""robot_state_pub""", vtid = 8972, vpid = 8972 }, { publisher_handle = 0xAAAB1BEED3F0, message = 0xFFFFDA742980 },,,,,,,,,,,,,,,,,,,,,,,
[18:44:00.374880284] (+0.000001760) student-jetson ros2:rmw_take: { cpu_id = 2 }," { procname = ""dummy_joint_sta""", vtid = 9020, vpid = 8974 }, { rmw_subscription_handle = 0xAAAAE9841310, message = 0xFFFF80FF7718, source_timestamp = 0, taken = 0 },,,,,,,,,,,,,,,,,,,,,
